"URN","SCHNAME","TOWN","Postcode","ATT8SCR","NUMBOYS","NUMGIRLS","P8MEA","shortPostcode","District","County"
146501,"Astrea Academy Dearne","Rotherham","S639EW",39.6,"585","529",-0.67,"S639","BARNSLEY","SOUTH YORKSHIRE"
131749,"Barnsley Academy","Barnsley","S703DL",43,"465","454",-0.39,"S703","BARNSLEY","SOUTH YORKSHIRE"
130524,"Barnsley College","Barnsley","S702YW",6.5,"NP","NP",-3.2,"S702","BARNSLEY","SOUTH YORKSHIRE"
146320,"Darton Academy","Barnsley","S755EF",48.9,"572","584",0.37,"S755","BARNSLEY","SOUTH YORKSHIRE"
144606,"Holy Trinity Catholic and Church of England School","Barnsley","S712LF",34.2,"565","593",-0.74,"S712","BARNSLEY","SOUTH YORKSHIRE"
146455,"Horizon Community College","Barnsley","S706PD",44.8,"974","1000",-0.07,"S706","BARNSLEY","SOUTH YORKSHIRE"
140979,"Kirk Balk Academy","Barnsley","S749HX",46.8,"674","659",-0.13,"S749","BARNSLEY","SOUTH YORKSHIRE"
143907,"Netherwood Academy","Barnsley","S738FE",42.6,"625","611",-0.41,"S738","BARNSLEY","SOUTH YORKSHIRE"
139210,"Outwood Academy Carlton","Barnsley","S713EW",39.7,"592","519",-0.25,"S713","BARNSLEY","SOUTH YORKSHIRE"
139211,"Outwood Academy Shafton","Barnsley","S728RE",40.7,"705","677",-0.44,"S728","BARNSLEY","SOUTH YORKSHIRE"
106653,"Penistone Grammar School","Sheffield","S367BX",55.4,"955","938",0.33,"S367","BARNSLEY","SOUTH YORKSHIRE"
141563,"Springwell Special Academy","Barnsley","S712AY",6.4,"106","11",-1.42,"S712","BARNSLEY","SOUTH YORKSHIRE"
138314,"Armthorpe Academy","Doncaster","DN32DA",37.5,"347","299",-0.98,"DN32","DONCASTER","SOUTH YORKSHIRE"
137066,"Ash Hill Academy","DONCASTER","DN76JH",45,"403","401",0.25,"DN76","DONCASTER","SOUTH YORKSHIRE"
146370,"Astrea Academy Woodfields","Doncaster","DN48ND",32.6,"366","380",-0.68,"DN48","DONCASTER","SOUTH YORKSHIRE"
147864,"Bader Special Academy","Doncaster","DN32EW",10.2,"89","17",-2.08,"DN32","DONCASTER","SOUTH YORKSHIRE"
138116,"Campsmount Academy","Doncaster","DN69AS",40,"393","384",-0.22,"DN69","DONCASTER","SOUTH YORKSHIRE"
135942,"De Warenne Academy","Doncaster","DN123JY",46.2,"391","363",0.31,"DN12","DONCASTER","SOUTH YORKSHIRE"
137472,"Don Valley Academy","Doncaster","DN59DD",48.5,"552","547",0.42,"DN59","DONCASTER","SOUTH YORKSHIRE"
147838,"Doncaster UTC","Doncaster","DN13BF",48.1,"480","236",0.03,"DN13","DONCASTER","SOUTH YORKSHIRE"
137842,"Hall Cross Academy","Doncaster","DN12HY",49.9,"959","1032",0.55,"DN12","DONCASTER","SOUTH YORKSHIRE"
136672,"The Hayfield School","Doncaster","DN93HG",51.2,"519","542",0.63,"DN93","DONCASTER","SOUTH YORKSHIRE"
137899,"Hungerhill School","Doncaster","DN32JY",51.1,"546","626",0.41,"DN32","DONCASTER","SOUTH YORKSHIRE"
146639,"The Laurel Academy","Mexborough","S649SD",43.5,"353","352",0.17,"S649","DONCASTER","SOUTH YORKSHIRE"
140865,"The McAuley Catholic High School","Doncaster","DN33QF",45.6,"704","729",-0.06,"DN33","DONCASTER","SOUTH YORKSHIRE"
135963,"Outwood Academy Adwick","Doncaster","DN67SF",38.5,"535","573",-0.18,"DN67","DONCASTER","SOUTH YORKSHIRE"
143938,"Outwood Academy Danum","Doncaster","DN25QD",39.3,"587","580",-0.17,"DN25","DONCASTER","SOUTH YORKSHIRE"
137603,"Ridgewood School","Doncaster","DN57UB",45.6,"692","765",-0.26,"DN57","DONCASTER","SOUTH YORKSHIRE"
136675,"Rossington All Saints Academy","Not Yet Obtained","DN110BZ",48.2,"457","422",0.08,"DN11","DONCASTER","SOUTH YORKSHIRE"
144364,"Sir Thomas Wharton Academy","Doncaster","DN121HH",46.9,"540","561",-0.07,"DN12","DONCASTER","SOUTH YORKSHIRE"
135007,"Trinity Academy","Doncaster","DN85BY",41,"614","631",-0.49,"DN85","DONCASTER","SOUTH YORKSHIRE"
143916,"XP East","Doncaster","DN45NG",44.4,"156","135",-0.33,"DN45","DONCASTER","SOUTH YORKSHIRE"
140964,"XP School","Doncaster","DN45NG",44.9,"139","106",-0.12,"DN45","DONCASTER","SOUTH YORKSHIRE"
142768,"Abbey School","Rotherham","S612RA",10.3,"157","61",-0.97,"S612","ROTHERHAM","SOUTH YORKSHIRE"
136718,"Aston Academy","Sheffield","S264SF",44.1,"790","805",-0.29,"S264","ROTHERHAM","SOUTH YORKSHIRE"
136301,"Brinsworth Academy","Rotherham","S605EJ",43.1,"684","745",-0.22,"S605","ROTHERHAM","SOUTH YORKSHIRE"
143545,"Clifton Community School","Rotherham","S652SN",35,"554","530",-0.44,"S652","ROTHERHAM","SOUTH YORKSHIRE"
141730,"Dinnington High School","Sheffield","S252NZ",38.4,"503","504",-0.31,"S252","ROTHERHAM","SOUTH YORKSHIRE"
149188,"Elements Academy","Sheffield","S252NF",5.3,"137","33",-2.53,"S252","ROTHERHAM","SOUTH YORKSHIRE"
136042,"Maltby Academy","Rotherham","S668AB",44,"572","543",-0.13,"S668","ROTHERHAM","SOUTH YORKSHIRE"
106966,"Newman School","Rotherham","S603LX",1.8,"109","73",-2.18,"S603","ROTHERHAM","SOUTH YORKSHIRE"
140459,"Oakwood High School","Rotherham","S602UH",45.7,"517","544",-0.12,"S602","ROTHERHAM","SOUTH YORKSHIRE"
140553,"Rawmarsh Community School","Rotherham","S627GA",38.7,"555","539",-0.43,"S627","ROTHERHAM","SOUTH YORKSHIRE"
138329,"St Bernard's Catholic High School","Rotherham","S653BE",48.3,"393","417",0.32,"S653","ROTHERHAM","SOUTH YORKSHIRE"
106962,"Saint Pius X Catholic High School A Specialist School in Humanities","Rotherham","S637PQ",44.1,"338","355",-0.34,"S637","ROTHERHAM","SOUTH YORKSHIRE"
143141,"Swinton Academy","Mexborough","S648JW",39.6,"488","507",-0.21,"S648","ROTHERHAM","SOUTH YORKSHIRE"
148547,"Thrybergh Academy","Rotherham","S654BP",29.2,"281","253",-0.67,"S654","ROTHERHAM","SOUTH YORKSHIRE"
136331,"Wales High School","Sheffield","S265QQ",45.7,"921","912",-0.06,"S265","ROTHERHAM","SOUTH YORKSHIRE"
145848,"Wath Academy","Rotherham","S637NW",49.5,"985","1008",0.1,"S637","ROTHERHAM","SOUTH YORKSHIRE"
140646,"Wickersley School and Sports College","Rotherham","S661JL",48.9,"1021","1029",0.02,"S661","ROTHERHAM","SOUTH YORKSHIRE"
139992,"Wingfield Academy","Rotherham","S614AU",48,"550","444",0.42,"S614","ROTHERHAM","SOUTH YORKSHIRE"
141853,"Winterhill School","Rotherham","S612BD",40.4,"455","473",-0.05,"S612","ROTHERHAM","SOUTH YORKSHIRE"
138337,"All Saints' Catholic High School","Sheffield","S22RJ",46.3,"611","776",0.05,"S22R","SHEFFIELD","SOUTH YORKSHIRE"
107169,"Bents Green School","Sheffield","S117TB",4,"239","53",-1.41,"S117","SHEFFIELD","SOUTH YORKSHIRE"
143963,"The Birley Academy","Sheffield","S123BP",38.6,"563","528",-0.28,"S123","SHEFFIELD","SOUTH YORKSHIRE"
147788,"Bradfield School","Sheffield","S350AE",45.4,"548","532",-0.47,"S350","SHEFFIELD","SOUTH YORKSHIRE"
138414,"Chaucer School","Sheffield","S58NH",28,"433","389",-1.14,"S58N","SHEFFIELD","SOUTH YORKSHIRE"
135934,"E-Act Parkwood Academy","Sheffield","S58UL",36.3,"424","395",-0.42,"S58U","SHEFFIELD","SOUTH YORKSHIRE"
145191,"Ecclesfield School","Sheffield","S359WD",43.1,"898","832",-0.22,"S359","SHEFFIELD","SOUTH YORKSHIRE"
138925,"Fir Vale School","Sheffield","S48GB",25.5,"507","474",-1.09,"S48G","SHEFFIELD","SOUTH YORKSHIRE"
139334,"Firth Park Academy","Sheffield","S50SD",36.9,"615","574",-0.45,"S50S","SHEFFIELD","SOUTH YORKSHIRE"
140547,"Forge Valley School","Sheffield","S65HG",47.4,"744","766",-0.18,"S65H","SHEFFIELD","SOUTH YORKSHIRE"
141495,"Handsworth Grange Community Sports College","Sheffield","S139HJ",39.7,"545","455",-0.64,"S139","SHEFFIELD","SOUTH YORKSHIRE"
126705,"Heritage Park School","Sheffield","S22RU",6.1,"75","17",-1.21,"S22R","SHEFFIELD","SOUTH YORKSHIRE"
145455,"High Storrs School","Sheffield","S117LH",61.1,"849","811",0.87,"S117","SHEFFIELD","SOUTH YORKSHIRE"
139856,"Hinde House 2-16 Academy","Sheffield","S56AG",38.9,"768","646",-0.07,"S56A","SHEFFIELD","SOUTH YORKSHIRE"
126712,"Holgate Meadows School","Sheffield","S57WE",5.8,"60","13",-1.59,"S57W","SHEFFIELD","SOUTH YORKSHIRE"
149427,"Kenwood Academy","Sheffield","S71HQ",1.7,"101","75",-3.74,"S71H","SHEFFIELD","SOUTH YORKSHIRE"
138841,"King Ecgbert School","Sheffield","S173QU",56.4,"711","736",0.81,"S173","SHEFFIELD","SOUTH YORKSHIRE"
107140,"King Edward VII School","Sheffield","S102PW",48.9,"832","901",-0.12,"S102","SHEFFIELD","SOUTH YORKSHIRE"
138545,"Meadowhead School Academy Trust","Sheffield","S88BR",46.7,"884","1040",0.04,"S88B","SHEFFIELD","SOUTH YORKSHIRE"
145897,"Mercia School","Sheffield","S72DY",69.4,"439","473",2.09,"S72D","SHEFFIELD","SOUTH YORKSHIRE"
140821,"Newfield Secondary School","Sheffield","S89JP",44.6,"519","522",-0.19,"S89J","SHEFFIELD","SOUTH YORKSHIRE"
138361,"Notre Dame High School","Sheffield","S103BT",57.4,"697","790",0.69,"S103","SHEFFIELD","SOUTH YORKSHIRE"
140415,"Outwood Academy City","Sheffield","S138SS",38.8,"612","574",-0.51,"S138","SHEFFIELD","SOUTH YORKSHIRE"
131895,"Sheffield Park Academy","Sheffield","S21SN",36.7,"589","609",-0.65,"S21S","SHEFFIELD","SOUTH YORKSHIRE"
131896,"Sheffield Springs Academy","Sheffield","S122SF",33.7,"527","527",-0.62,"S122","SHEFFIELD","SOUTH YORKSHIRE"
139167,"Silverdale School","Sheffield","S119QH",57.9,"753","713",0.58,"S119","SHEFFIELD","SOUTH YORKSHIRE"
145274,"Stocksbridge High School","Sheffield","S361FD",41.6,"388","416",-0.77,"S361","SHEFFIELD","SOUTH YORKSHIRE"
138069,"Tapton School","Sheffield","S105RG",58.4,"872","945",0.54,"S105","SHEFFIELD","SOUTH YORKSHIRE"
139695,"UTC Sheffield City Centre","Sheffield","S14QF",40.4,"353","139",-1,"S14Q","SHEFFIELD","SOUTH YORKSHIRE"
145562,"Westfield School","Sheffield","S201HQ",43.9,"665","647",-0.21,"S201","SHEFFIELD","SOUTH YORKSHIRE"
145943,"Yewlands Academy","Sheffield","S358NN",41.4,"496","436",-0.35,"S358","SHEFFIELD","SOUTH YORKSHIRE"
145173,"Appleton Academy","Bradford","BD128AL",34.1,"647","602",-0.87,"BD12","BRADFORD","WEST YORKSHIRE"
143112,"Beckfoot Oakbank","Keighley","BD227DU",36,"752","794",-0.62,"BD22","BRADFORD","WEST YORKSHIRE"
139975,"Beckfoot School","Bingley","BD161EE",50.4,"805","826",0.42,"BD16","BRADFORD","WEST YORKSHIRE"
143114,"Beckfoot Thornton","Bradford","BD133BH",37.3,"716","574",-0.49,"BD13","BRADFORD","WEST YORKSHIRE"
142031,"Beckfoot Upper Heaton","Bradford","BD96AL",32.7,"471","245",-0.71,"BD96","BRADFORD","WEST YORKSHIRE"
135229,"Beechcliffe Special School","Keighley","BD206ED",0.4,"179","66",-1.87,"BD20","BRADFORD","WEST YORKSHIRE"
107439,"Bingley Grammar School","Bingley","BD162RS",48.9,"1028","904",-0.03,"BD16","BRADFORD","WEST YORKSHIRE"
135367,"Bradford Academy","Bradford","BD47QJ",33.1,"937","801",-0.94,"BD47","BRADFORD","WEST YORKSHIRE"
140429,"Bradford Forster Academy","Bradford","BD48RG",37,"484","490",-0.54,"BD48","LEEDS","WEST YORKSHIRE"
140204,"Bradford Girls' Grammar School","Bradford","BD96RB",46.9,"147","894",0.11,"BD96","BRADFORD","WEST YORKSHIRE"
142825,"Buttershaw Business & Enterprise College Academy","Bradford","BD63PX",33,"750","704",-0.83,"BD63","BRADFORD","WEST YORKSHIRE"
147100,"Carlton Bolling","Bradford","BD30DU",43,"928","712",0.27,"BD30","BRADFORD","WEST YORKSHIRE"
136198,"Carlton Keighley","Keighley","BD206EB",36.3,"381","381",-0.29,"BD20","BRADFORD","WEST YORKSHIRE"
147177,"Co-op Academy Grange","Bradford","BD59ET",30.5,"797","653",-1.2,"BD59","BRADFORD","WEST YORKSHIRE"
135866,"Dixons Allerton Academy","Bradford","BD80DH",43.4,"992","872",-0.22,"BD80","BRADFORD","WEST YORKSHIRE"
130909,"Dixons City Academy","Bradford","BD57RR",51.8,"541","378",0.33,"BD57","BRADFORD","WEST YORKSHIRE"
146198,"Dixons Cottingley Academy","Bingley","BD161TZ",50.1,"518","354",0.65,"BD16","BRADFORD","WEST YORKSHIRE"
137277,"Dixons Kings Academy","Bradford","BD72AN",53.4,"471","368",0.54,"BD72","BRADFORD","WEST YORKSHIRE"
141002,"Dixons McMillan Academy","Bradford","BD50JD",47.8,"375","285",-0.16,"BD50","BRADFORD","WEST YORKSHIRE"
138251,"Dixons Trinity Academy","Bradford","BD50BE",54.7,"347","320",0.72,"BD50","BRADFORD","WEST YORKSHIRE"
149011,"Hanson Academy","Bradford","BD21JP",35,"844","708",-0.69,"BD21","BRADFORD","WEST YORKSHIRE"
149299,"The Holy Family Catholic School, a Voluntary Academy","Keighley","BD206LH",34,"386","387",-0.59,"BD20","BRADFORD","WEST YORKSHIRE"
136905,"Ilkley Grammar School","Ilkley","LS298TR",56.5,"1069","1065",0.54,"LS29","BRADFORD","WEST YORKSHIRE"
142590,"Immanuel College","Bradford","BD109AQ",40.6,"884","818",-0.56,"BD10","BRADFORD","WEST YORKSHIRE"
142681,"Laisterdyke Leadership Academy","Bradford","BD38HE",35.8,"498","375",-0.43,"BD38","BRADFORD","WEST YORKSHIRE"
139995,"Oasis Academy Lister Park","Bradford","BD87ND",32.6,"528","314",-0.58,"BD87","BRADFORD","WEST YORKSHIRE"
149519,"Oastlers School","Bradford","BD47RH",14.4,"118","15",-1,"BD47","BRADFORD","WEST YORKSHIRE"
139474,"One In A Million Free School","Bradford","BD87DX",30.8,"222","146",-1.01,"BD87","BRADFORD","WEST YORKSHIRE"
150001,"Parkside School","Bradford","BD135AD",36.9,"603","541",-0.86,"BD13","BRADFORD","WEST YORKSHIRE"
148520,"St Bede's and St Joseph's Catholic College, A Voluntary Academy","Bradford","BD94BQ",45.5,"895","889",-0.15,"BD94","BRADFORD","WEST YORKSHIRE"
107395,"Titus Salt School","Bradford","BD175RH",39.1,"737","714",-0.58,"BD17","BRADFORD","WEST YORKSHIRE"
142761,"Tong Leadership Academy","Bradford","BD46NR",35.8,"445","343",-0.61,"BD46","BRADFORD","WEST YORKSHIRE"
148545,"Trinity Academy Bradford","Bradford","BD132AS",43.7,"460","425",-0.02,"BD13","BRADFORD","WEST YORKSHIRE"
136604,"Brighouse High School","Brighouse","HD62NY",44.7,"621","687",-0.24,"HD62","CALDERDALE","WEST YORKSHIRE"
149531,"The Brooksbank School","Elland","HX50QG",47.8,"785","748",0.18,"HX50","CALDERDALE","WEST YORKSHIRE"
107562,"The Calder Learning Trust","Hebden Bridge","HX75QN",47.6,"640","686",0,"HX75","CALDERDALE","WEST YORKSHIRE"
139182,"The Crossley Heath School","Halifax","HX30HG",72.6,"610","523",0.49,"HX30","CALDERDALE","WEST YORKSHIRE"
140326,"The Halifax Academy","Halifax","HX20BA",40.9,"712","737",-0.2,"HX20","CALDERDALE","WEST YORKSHIRE"
137036,"Lightcliffe Academy","Halifax","HX38TL",38.7,"445","471",-0.37,"HX38","CALDERDALE","WEST YORKSHIRE"
136788,"The North Halifax Grammar School","Halifax","HX29SU",68.4,"652","586",0.18,"HX29","CALDERDALE","WEST YORKSHIRE"
143115,"Park Lane Academy","Halifax","HX39LG",32.9,"201","229",-1.1,"HX39","CALDERDALE","WEST YORKSHIRE"
137444,"Rastrick High School","Brighouse","HD63XB",48.3,"899","877",0.06,"HD63","CALDERDALE","WEST YORKSHIRE"
141307,"Ryburn Valley High School","Sowerby Bridge","HX61DF",48.7,"828","817",0.21,"HX61","CALDERDALE","WEST YORKSHIRE"
107564,"Todmorden High School","Todmorden","OL147DG",45.1,"439","436",0.08,"OL14","CALDERDALE","WEST YORKSHIRE"
144946,"Trinity Academy Grammar","Sowerby Bridge","HX62NW",44.5,"488","496",0.38,"HX62","CALDERDALE","WEST YORKSHIRE"
136094,"Trinity Academy Halifax","Halifax","HX29TZ",43.5,"825","792",0,"HX29","CALDERDALE","WEST YORKSHIRE"
107782,"All Saints Catholic College","Huddersfield","HD22JT",45.9,"446","454",0.11,"HD22","KIRKLEES","WEST YORKSHIRE"
137487,"Batley Grammar School","Batley","WF170AD",45.1,"571","435",-0.22,"WF17","KIRKLEES","WEST YORKSHIRE"
138111,"BBG Academy","Birkenshaw","BD194BE",52.1,"543","492",0.48,"BD19","KIRKLEES","WEST YORKSHIRE"
146367,"Castle Hall Academy","Mirfield","WF149PH",41.8,"444","338",0.15,"WF14","KIRKLEES","WEST YORKSHIRE"
140660,"Colne Valley High School","Huddersfield","HD75SP",41.9,"715","721",-0.4,"HD75","KIRKLEES","WEST YORKSHIRE"
136283,"Heckmondwike Grammar School","Heckmondwike","WF160AH",78.5,"777","697",1,"WF16","KIRKLEES","WEST YORKSHIRE"
107769,"Holmfirth High School","Holmfirth","HD97SE",55.3,"670","672",0.72,"HD97","BARNSLEY","SOUTH YORKSHIRE"
146906,"Honley High School","Holmfirth","HD96QJ",51.3,"642","641",0.28,"HD96","KIRKLEES","WEST YORKSHIRE"
143227,"Joseph Norton Academy","Huddersfield","HD89JU",6.7,"60","0",-1.45,"HD89","KIRKLEES","WEST YORKSHIRE"
138706,"King James's School","Huddersfield","HD46SG",46.8,"542","512",0,"HD46","KIRKLEES","WEST YORKSHIRE"
139076,"Manor Croft Academy","Dewsbury","WF127DW",47.8,"531","507",0.25,"WF12","KIRKLEES","WEST YORKSHIRE"
136674,"The Mirfield Free Grammar","Mirfield","WF149EZ",45.2,"717","732",-0.4,"WF14","KIRKLEES","WEST YORKSHIRE"
137500,"Moor End Academy","Huddersfield","HD45JA",46.1,"525","529",0.45,"HD45","KIRKLEES","WEST YORKSHIRE"
107756,"Netherhall Learning Campus High School","Select","HD59PG",39.3,"420","435",-0.09,"HD59","KIRKLEES","WEST YORKSHIRE"
147888,"Newsome Academy","Huddersfield","HD46JN",41.6,"380","373",-0.19,"HD46","KIRKLEES","WEST YORKSHIRE"
136502,"North Huddersfield Trust School","Huddersfield","HD21DJ",35.3,"499","501",-0.35,"HD21","KIRKLEES","WEST YORKSHIRE"
146327,"Royds Hall,  A Share Academy","Huddersfield","HD34HA",42,"643","578",0,"HD34","KIRKLEES","WEST YORKSHIRE"
141470,"St John Fisher Catholic Voluntary Academy","Dewsbury","WF134LL",31.4,"506","452",-0.99,"WF13","KIRKLEES","WEST YORKSHIRE"
137869,"Salendine Nook High School Academy","Huddersfield","HD34GN",49.9,"707","706",0.21,"HD34","KIRKLEES","WEST YORKSHIRE"
137352,"Shelley College, A Share Academy","Huddersfield","HD88NL",52.1,"676","624",0.56,"HD88","BARNSLEY","SOUTH YORKSHIRE"
107801,"Southgate School","Huddersfield","HD58TG",0.6,"124","47",-1.59,"HD58","KIRKLEES","WEST YORKSHIRE"
107778,"Spen Valley High School","Liversedge","WF157LX",34.1,"508","461",-0.77,"WF15","KIRKLEES","WEST YORKSHIRE"
146365,"Thornhill Community Academy, A Share Academy","Dewsbury","WF120HE",45.5,"490","439",0.3,"WF12","KIRKLEES","WEST YORKSHIRE"
107775,"Westborough High School","Dewsbury","WF132JE",42.4,"526","401",0.17,"WF13","KIRKLEES","WEST YORKSHIRE"
149162,"Whitcliffe Mount, A Share Academy","Cleckheaton","BD193AQ",47,"643","589",0.13,"BD19","KIRKLEES","WEST YORKSHIRE"
137083,"Abbey Grange Church of England Academy","Leeds","LS165EA",58.7,"799","857",0.7,"LS16","LEEDS","WEST YORKSHIRE"
108058,"Allerton Grange School","Leeds","LS176SF",44.9,"903","838",-0.02,"LS17","LEEDS","WEST YORKSHIRE"
108057,"Allerton High School","Leeds","LS177AG",58.3,"829","813",0.89,"LS17","LEEDS","WEST YORKSHIRE"
108083,"Benton Park School","Leeds","LS196LX",46.8,"796","723",-0.15,"LS19","LEEDS","WEST YORKSHIRE"
144809,"Bishop Young Church of England Academy","Leeds","LS146NU",36.6,"395","377",-0.3,"LS14","LEEDS","WEST YORKSHIRE"
146217,"Boston Spa Academy","Wetherby","LS236RW",54.1,"725","704",0.56,"LS23","LEEDS","WEST YORKSHIRE"
143238,"Brigshaw High School","Castleford","WF102HR",44.4,"686","683",0.05,"WF10","WAKEFIELD","WEST YORKSHIRE"
108123,"Broomfield South SILC","Leeds","LS103JP",0.2,"163","63",-1.58,"LS10","LEEDS","WEST YORKSHIRE"
142056,"Bruntcliffe Academy","Leeds","LS270LZ",48.2,"711","654",0.34,"LS27","LEEDS","WEST YORKSHIRE"
108095,"Cardinal Heenan Catholic High School","Leeds","LS64QE",59.1,"427","496",0.66,"LS64","LEEDS","WEST YORKSHIRE"
108059,"Carr Manor Community School","Leeds","LS175DJ",50.5,"748","736",0.56,"LS17","LEEDS","WEST YORKSHIRE"
145927,"Cockburn John Charles Academy","Leeds","LS102JU",41.6,"583","627",0.47,"LS10","LEEDS","WEST YORKSHIRE"
142585,"Cockburn School","Leeds","LS115TT",48.4,"644","630",0.72,"LS11","LEEDS","WEST YORKSHIRE"
137065,"Co-op Academy Leeds","Leeds","LS97HD",33,"478","459",-0.03,"LS97","LEEDS","WEST YORKSHIRE"
144588,"Co-op Academy Priesthorpe","Pudsey","LS285SG",39.3,"584","467",-0.4,"LS28","LEEDS","WEST YORKSHIRE"
148294,"Corpus Christi Catholic College, A Voluntary Academy","Leeds","LS90TT",35.7,"475","406",-0.88,"LS90","LEEDS","WEST YORKSHIRE"
138304,"Crawshaw Academy","Pudsey","LS289HU",42.9,"567","553",-0.59,"LS28","LEEDS","WEST YORKSHIRE"
144743,"Dixons Trinity Chapeltown","Leeds","LS74AW",47.8,"471","488",0.52,"LS74","LEEDS","WEST YORKSHIRE"
146363,"Dixons Unity Academy","Leeds","LS123DS",33.2,"465","448",-0.54,"LS12","LEEDS","WEST YORKSHIRE"
137577,"The Farnley Academy","Leeds","LS125EU",49.3,"775","716",0.53,"LS12","LEEDS","WEST YORKSHIRE"
136343,"Garforth Academy","Leeds","LS251LJ",50.5,"957","940",0.34,"LS25","LEEDS","WEST YORKSHIRE"
148654,"Green Meadows Academy","Leeds","LS208LS",7.3,"164","54",-1.37,"LS20","LEEDS","WEST YORKSHIRE"
108085,"Guiseley School","Leeds","LS208DT",49.4,"704","713",-0.04,"LS20","LEEDS","WEST YORKSHIRE"
137775,"Horsforth School","Leeds","LS185RF",55.8,"881","773",0.4,"LS18","LEEDS","WEST YORKSHIRE"
108119,"John Jamieson School","Leeds","LS82PW",0.1,"298","133",-1.59,"LS82","LEEDS","WEST YORKSHIRE"
148793,"John Smeaton Academy","Leeds","LS158TA",32.5,"319","285",-0.9,"LS15","LEEDS","WEST YORKSHIRE"
108055,"Lawnswood School","Leeds","LS165AG",43.5,"730","711",-0.26,"LS16","LEEDS","WEST YORKSHIRE"
139646,"Leeds City Academy","Leeds","LS62LG",39.8,"506","478",0.42,"LS62","LEEDS","WEST YORKSHIRE"
136826,"Leeds East Academy","Leeds","LS146HA",32.3,"539","512",-0.87,"LS14","LEEDS","WEST YORKSHIRE"
139773,"Leeds Jewish Free School","Leeds","LS177TN",52.4,"68","68",0.45,"LS17","LEEDS","WEST YORKSHIRE"
135935,"Leeds West Academy","Leeds","LS131DQ",38.6,"673","761",-0.3,"LS13","LEEDS","WEST YORKSHIRE"
138380,"Lighthouse School Leeds","Leeds","LS166QB",7,"67","21",-2.21,"LS16","LEEDS","WEST YORKSHIRE"
135771,"Luminate Education Group","Leeds","LS31AA",17.5,"NP","NP",-2.24,"LS31","LEEDS","WEST YORKSHIRE"
136392,"The Morley Academy","Leeds","LS270PD",53.8,"725","706",0.56,"LS27","LEEDS","WEST YORKSHIRE"
108097,"Mount St Mary's Catholic High School","Leeds","LS98LA",51.8,"467","475",0.86,"LS98","LEEDS","WEST YORKSHIRE"
137704,"Otley Prince Henry's Grammar School Specialist Language College","Otley","LS212BB",53.4,"878","761",0.34,"LS21","LEEDS","WEST YORKSHIRE"
148527,"Oulton Academy","Leeds","LS268EX",46.9,"530","523",0.43,"LS26","LEEDS","WEST YORKSHIRE"
108079,"Pudsey Grammar School","Pudsey","LS287ND",45.5,"673","648",-0.12,"LS28","LEEDS","WEST YORKSHIRE"
108075,"Ralph Thoresby School","Leeds","LS167RX",40.7,"523","512",-0.5,"LS16","LEEDS","WEST YORKSHIRE"
138336,"Rodillian Academy","Wakefield","WF33PS",48,"798","837",0.24,"WF33","LEEDS","WEST YORKSHIRE"
108076,"Roundhay School","Leeds","LS81ND",56.3,"1230","1288",0.72,"LS81","LEEDS","WEST YORKSHIRE"
140565,"The Ruth Gorse Academy","Leeds","LS101HW",50.4,"648","626",0.99,"LS10","LEEDS","WEST YORKSHIRE"
139351,"St. Mary's Menston, a Catholic Voluntary Academy","Ilkley","LS296AE",56.5,"604","591",0.41,"LS29","BRADFORD","WEST YORKSHIRE"
142630,"Springwell Leeds Academy","Leeds","LS103JA",3.8,"278","48",-1.88,"LS10","LEEDS","WEST YORKSHIRE"
141883,"Temple Learning Academy","Leeds","LS150NN",29.1,"507","453",-0.63,"LS15","LEEDS","WEST YORKSHIRE"
146247,"Temple Moor High School","Leeds","LS150PT",46.3,"627","699",0.27,"LS15","LEEDS","WEST YORKSHIRE"
142604,"University Technical College Leeds","Leeds","LS101LA",45.1,"366","78",-0.1,"LS10","LEEDS","WEST YORKSHIRE"
134884,"West Specialist Inclusive Learning Centre","Pudsey","LS286HL",2.2,"178","93",-1.44,"LS28","LEEDS","WEST YORKSHIRE"
108088,"Wetherby High School","Wetherby","LS226JS",49.2,"364","370",0.29,"LS22","LEEDS","WEST YORKSHIRE"
137383,"Woodkirk Academy","Wakefield","WF31JQ",49.8,"960","839",0.15,"WF31","LEEDS","WEST YORKSHIRE"
136613,"Airedale Academy","Castleford","WF103JU",34,"497","542",-0.72,"WF10","WAKEFIELD","WEST YORKSHIRE"
139501,"Carleton High School","Pontefract","WF83NW",47.4,"515","502",0.12,"WF83","DONCASTER","SOUTH YORKSHIRE"
136633,"Castleford Academy","Castleford","WF104JQ",48.6,"780","733",0.41,"WF10","WAKEFIELD","WEST YORKSHIRE"
137001,"Crofton Academy","Wakefield","WF41NF",50,"546","494",0.26,"WF41","WAKEFIELD","WEST YORKSHIRE"
138006,"De Lacy Academy","Knottingley","WF110BZ",44.5,"462","423",-0.12,"WF11","WAKEFIELD","WEST YORKSHIRE"
138593,"The Featherstone Academy","Pontefract","WF75AJ",40.6,"287","224",-0.33,"WF75","WAKEFIELD","WEST YORKSHIRE"
131526,"High Well School","Pontefract","WF82DD",2.9,"93","13",-1.82,"WF82","WAKEFIELD","WEST YORKSHIRE"
138707,"Horbury Academy","Wakefield","WF45HE",48.9,"554","548",0.32,"WF45","WAKEFIELD","WEST YORKSHIRE"
108271,"Kettlethorpe High School","Wakefield","WF27EL",46.6,"824","862",-0.06,"WF27","WAKEFIELD","WEST YORKSHIRE"
139500,"The King's School","Pontefract","WF84JF",49,"519","514",0.1,"WF84","WAKEFIELD","WEST YORKSHIRE"
137011,"Minsthorpe Community College","Pontefract","WF92UJ",41.8,"796","784",0.21,"WF92","WAKEFIELD","WEST YORKSHIRE"
136462,"Ossett Academy and Sixth Form College","Ossett","WF50DG",52.1,"899","836",0.24,"WF50","WAKEFIELD","WEST YORKSHIRE"
136394,"Outwood Academy City Fields","Wakefield","WF14SF",38.6,"404","451",0.08,"WF14","KIRKLEES","WEST YORKSHIRE"
145937,"Outwood Academy Freeston","Normanton","WF61HZ",42.9,"511","501",-0.18,"WF61","WAKEFIELD","WEST YORKSHIRE"
145938,"Outwood Academy Hemsworth","Pontefract","WF94AB",39.7,"547","548",-0.07,"WF94","WAKEFIELD","WEST YORKSHIRE"
135961,"Outwood Grange Academy","Wakefield","WF12PF",49.4,"1001","973",-0.13,"WF12","KIRKLEES","WEST YORKSHIRE"
138950,"St Thomas a Becket Catholic Secondary School, A Voluntary Academy","Wakefield","WF26EQ",46.5,"369","362",0.29,"WF26","WAKEFIELD","WEST YORKSHIRE"
138951,"St Wilfrid's Catholic High School & Sixth Form College: A Voluntary Academy","Pontefract","WF76BD",47.7,"781","707",-0.01,"WF76","WAKEFIELD","WEST YORKSHIRE"
145579,"Trinity Academy Cathedral","Wakefield","WF28QF",47,"481","541",0.34,"WF28","WAKEFIELD","WEST YORKSHIRE"
145929,"Goole Academy","Goole","DN146AN",47.2,"628","543",0.5,"DN14","DONCASTER","SOUTH YORKSHIRE"
146129,"Howden School","Goole","DN147AL",41.2,"369","330",-0.52,"DN14","DONCASTER","SOUTH YORKSHIRE"
140866,"The Snaith School","Goole","DN149LB",46.7,"412","366",0.21,"DN14","DONCASTER","SOUTH YORKSHIRE"
135294,"Havelock Academy","Grimsby","DN328JH",36.4,"488","495",-0.36,"DN32","DONCASTER","SOUTH YORKSHIRE"
135176,"Oasis Academy Immingham","Immingham","DN401JU",39.2,"326","280",-0.38,"DN40","DONCASTER","SOUTH YORKSHIRE"
135209,"Oasis Academy Wintringham","Grimsby","DN320AZ",36.5,"467","416",-0.68,"DN32","DONCASTER","SOUTH YORKSHIRE"
148167,"Holy Family Catholic High School, A Voluntary Academy","Goole","DN149NS",39.8,"163","151",-0.55,"DN14","DONCASTER","SOUTH YORKSHIRE"
121689,"Settle College","Settle","BD240AU",42.4,"322","279",-0.05,"BD24","BRADFORD","WEST YORKSHIRE"
145819,"Sherburn High School","Leeds","LS256AS",51.3,"431","426",0.51,"LS25","LEEDS","WEST YORKSHIRE"
141179,"The Skipton Academy","Skipton","BD231UQ",37,"305","285",-0.62,"BD23","BRADFORD","WEST YORKSHIRE"
136736,"South Craven School","Keighley","BD207RL",46.5,"927","947",0.2,"BD20","BRADFORD","WEST YORKSHIRE"
145777,"Tadcaster Grammar School","Tadcaster","LS249NB",51.7,"782","730",0.27,"LS24","LEEDS","WEST YORKSHIRE"
121690,"Upper Wharfedale School","Skipton","BD235BS",45.6,"194","170",0.6,"BD23","BRADFORD","WEST YORKSHIRE"
144533,"Granville Academy","Swadlincote","DE117JR",47.5,"464","425",0.24,"DE11","SHEFFIELD","SOUTH YORKSHIRE"
149380,"Mercia Academy","Swadlincote","DE110TL",38,"309","274",-0.27,"DE11","SHEFFIELD","SOUTH YORKSHIRE"
144069,"The Pingle Academy","Swadlincote","DE110QA",42.3,"729","690",-0.11,"DE11","SHEFFIELD","SOUTH YORKSHIRE"
143734,"Derby Cathedral School","Derby","DE11LR",40.5,"497","509",-0.69,"DE11","SHEFFIELD","SOUTH YORKSHIRE"
137141,"Serlby Park Academy","Doncaster","DN118EF",42.5,"462","482",-0.22,"DN11","DONCASTER","SOUTH YORKSHIRE"
